{
  "d": "2026-03-17",
  "btcPrice": 74669.86,
  "price_ma200w_ratio": 1.2668349699153296,
  "mvrvZscore": 0.5858,
  "lthMvrv": 1.73,
  "puellMultiple": 0.631,
  "nupl": 0.2333901611508171,
  "signal_price_ma": false,
  "signal_mvrv_z": false,
  "signal_lth_mvrv": false,
  "signal_puell": false,
  "signal_nupl": false,
  "signal_count": 0,
  "ma200w": 58942.057784362114
}